{"upper_lim": 44.54999999999999, "lower_lim": 22.550000000000004}