{"upper_lim": 18.799999999999997, "lower_lim": 5.200000000000003}