{"upper_lim": 63.150000000000006, "lower_lim": 30.749999999999996}