{"upper_lim": 13.549999999999999, "lower_lim": 1.9500000000000002}