{"upper_lim": 53.54999999999999, "lower_lim": 15.550000000000006}