{"upper_lim": 44.550000000000004, "lower_lim": 16.949999999999996}